USE StudentCompass

GO

------------------------------------------------------------------------------------

								-- SimpleTables

------------------------------------------------------------------------------------


INSERT INTO CourseStatus VALUES
	(1, 'Aprobada'),
	(2, 'Desaprobada'),
	(3, 'Cursando'),
	(4, 'Cursada'),
	(5, 'Diponible'),
	(6, 'No disponible'),
	(7, 'Ausente');

INSERT INTO Exam VALUES
	(1, 'Primer parcial'),
	(2, 'Segundo parcial'),
	(3, 'Parcial integrador'),
	(4, 'Trabajo práctico'),
	(5, 'Recuperatorio primer parcial'),
	(6, 'Recuperatorio segundo parcial'),
	(7, 'Recuperatorio integrador'),
	(8, 'Final');

INSERT INTO Term VALUES
	(1, 'Primer cuatrimestre'),
	(2, 'Segundo cuatrimestre'),
	(3, 'Curso de verano');

INSERT INTO Department VALUES
	(0, 'Transversal'),
	(1, 'Ingeniería'),
	(2, 'Humanidades y Ciencias Sociales'),
	(3, 'Económicas'),
	(4, 'Derecho'),
	(5, 'Salud');

INSERT INTO Career VALUES
	(0, 'Transversal', 0),
	(1, 'Ingeniería Informática', 1),
	(2, 'Ingeniería Electrónica', 1),
	(3, 'Ingeniería Industrial', 1),
	(4, 'Ingeniería Civil', 1),
	(5, 'Ingeniería Mecánica', 1),
	(6, 'Ingeniería en Energías', 1), -- materias sin código...
	(7, 'Arquitectura', 1),
	(8, 'Tecnicatura en Desarrollo Web', 1),
	(9, 'Tecnicatura en Desarrollo de Aplicaciones Móviles', 1);

INSERT INTO CareerPlan(Id, Description, CareerId) VALUES
	(0, 'Plan Transversal', 0),
	(1, 'Plan 2023', 1),
	(2, 'Plan 2009', 1),
	(3, 'Plan 2023', 2),
	(4, 'Plan 2009', 2),
	(5, 'Plan 2009', 3),
	(6, 'Plan 2017', 4),
	(7, 'Plan 2015', 5),
	(8, 'Plan 2015', 7);


------------------------------------------------------------------------------------

								-- Subjects

------------------------------------------------------------------------------------

-- Departamento: Todos

-- Materias transversales HCS:

INSERT INTO Subject
(Code, Description, WeeklyHours,
 YearLevel, CareerPlanId, IsOptional,
 IsAnnual, IsElective)
VALUES
(0911, 'Computación I', 4, 0, 0, 0, 0, 0),
(0912, 'Computación II', 4, 0, 0, 0, 0, 0),
(0901, 'Inglés I', 4, 0, 0, 0, 0, 0),
(0902, 'Inglés II', 4, 0, 0, 0, 0, 0),
(0903, 'Inglés III', 4, 0, 0, 0, 0, 0),
(0904, 'Inglés IV', 4, 0, 0, 0, 0, 0);

-- Departamento: Ingeniería

-- Carrera: Ingeniería Informática

-- Plan 2023:

INSERT INTO Subject
(Code, Description, WeeklyHours,
 YearLevel, CareerPlanId, IsOptional,
 IsAnnual, IsElective)
VALUES
(3621, 'Matemática Discreta', 4, 1, 1, 0, 0, 0),
(3622, 'Análisis Matemático I', 4, 1, 1, 0, 0, 0),
(3623, 'Programación Inicial', 4, 1, 1, 0, 0, 0),
(3624, 'Introducción a los Sistemas de Información', 4, 1, 1, 0, 0, 0),
(3625, 'Sistemas de Numeración', 4, 1, 1, 0, 0, 0),
(3626, 'Principios de Calidad de Software', 4, 1, 1, 0, 0, 0),
(3627, 'Álgebra y Geometría Analítica I', 4, 1, 1, 0, 0, 0),
(3628, 'Física I', 4, 1, 1, 0, 0, 0),
(3629, 'Programación Estructurada Básica', 4, 1, 1, 0, 0, 0),
(3630, 'Introducción a la Gestión de Requisitos', 4, 1 , 1, 0, 0, 0),
(3631, 'Fundamentos de Sistemas Embebidos', 4, 1, 1, 0, 0, 0),
(3632, 'Introducción a los Proyectos Informáticos', 4, 1, 1, 0, 0, 0),
(3633, 'Análisis Matemático II', 4, 2, 1, 0, 0, 0),
(3634, 'Física II', 4, 2, 1, 0, 0, 0),
(3635, 'Tópicos de Programación', 4, 2, 1, 0, 0, 0),
(3636, 'Base de Datos', 4, 2, 1, 0, 0, 0),
(3637, 'Análisis de Sistemas', 4, 2, 1, 0, 0, 0),
(3638, 'Arquitectura de Computadoras', 4, 2, 1, 0, 0, 0),
(3676, 'Responsabilidad Social Universitaria', 4, 2, 1, 0, 0, 0),
(3639, 'Análisis Matemático III', 4, 2, 1, 0, 0, 0),
(3640, 'Algoritmos y Estructuras de Datos', 4, 2, 1, 0, 0, 0),
(3641, 'Base de Datos Aplicada', 4, 2, 1, 0, 0, 0),
(3642, 'Principios de Diseño de Sistemas', 4, 2, 1, 0, 0, 0),
(3643, 'Redes de Computadoras', 4, 2, 1, 0, 0, 0),
(3644, 'Gestión de las Organizaciones', 4, 2, 1, 0, 0, 0),
(3680, 'Taller de Integración', 4, 2, 1, 1, 0, 0),
(3645, 'Algebra y Geometría Analítica II', 4, 2, 1, 0, 0, 0),
(3646, 'Paradigmas de Programación', 4, 3, 1, 0, 0, 0),
(3647, 'Requisitos Avanzados', 4, 3, 1, 0, 0, 0),
(3648, 'Diseño de Software', 4, 3, 1, 0, 0, 0),
(3649, 'Sistemas Operativos', 4, 3, 1, 0, 0, 0),
(3650, 'Seguridad de la Información', 4, 3, 1, 0, 0, 0),
(3675, 'Práctica Profesional Supervisada', 4, 3, 1, 0, 0, 0),
(3651, 'Probabilidad y Estadística', 4, 3, 1, 0, 0, 0),
(3652, 'Programación Avanzada', 4, 3, 1, 0, 0, 0),
(3653, 'Arquitecturas de Sistemas Software', 4, 3, 1, 0, 0, 0),
(3654, 'Virtualización de Hardware', 4, 3, 1, 0, 0, 0),
(3655, 'Auditoría y Legislación', 4, 3, 1, 0, 0, 0),
(3656, 'Estadística Aplicada', 4, 4, 1, 0, 0, 0),
(3657, 'Autómatas y Gramática', 4, 4, 1, 0, 0, 0),
(3658, 'Programación Concurrente', 4, 4, 1, 0, 0, 0),
(3659, 'Gestión Aplicada al Desarrollo de Software I', 4, 4, 1, 0, 0, 0),
(3660, 'Sistemas Operativos Avanzados', 4, 4, 1, 0, 0, 0),
(3661, 'Gestión de Proyectos', 4, 4, 1, 0, 0, 0),
(3662, 'Matemática Aplicada', 4, 4, 1, 0, 0, 0),
(3663, 'Lenguajes y Compiladores', 4, 4, 1, 0, 0, 0),
(3664, 'Inteligencia Artificial', 4, 4, 1, 0, 0, 0),
(3665, 'Gestión Aplicada al Desarrollo de Software II', 4, 4, 1, 0, 0, 0),
(3666, 'Seguridad Aplicada y Forensía', 4, 4, 1, 0, 0, 0),
(3667, 'Gestión de la Calidad en Procesos de Sistemas', 4, 4, 1, 0, 0, 0),
(3668, 'Inteligencia Artificial Aplicada', 4, 5, 1, 0, 0, 0),
(3669, 'Innovación y Emprendedorismo', 4, 5, 1, 0, 0, 0),
(3670, 'Ciencia de Datos', 4, 5, 1, 0, 0, 0),
(3671, 'Proyecto Final de Carrera', 4, 5, 1, 0, 1, 0),
(3672, 'Electiva I', 4, 5, 1, 0, 0, 0),
(3673, 'Electiva II', 4, 5, 1, 0, 0, 0),
(3674, 'Electiva III', 4, 5, 1, 0, 0, 0),
(3677, 'Lenguaje Orientado a Negocios', 4, 0, 1, 0, 0, 1),
(3678, 'Tecnologías en Seguridad', 4, 0, 1, 0, 0, 1),
(3679, 'Visión Artificial', 4, 0, 1, 0, 0, 1);

-- Plan 2009:

INSERT INTO Subject
(Code, Description, WeeklyHours,
 YearLevel, CareerPlanId, IsOptional,
 IsAnnual, IsElective)
VALUES
(1023, 'Análisis Matemático I', 8, 1, 2, 0, 0, 0),
(1024, 'Elementos de Programación', 8, 1, 2, 0, 0, 0),
(1025, 'Sistemas de Representación', 4, 1, 2, 0, 0, 0),
(1026, 'Tecnología, Ingeniería y Sociedad', 4, 1, 2, 0, 0, 0),
(1027, 'Álgebra y Geometría Analítica I', 8, 1, 2, 0, 0, 0),
(1028, 'Matemática Discreta', 4, 1, 2, 0, 0, 0),
(1029, 'Química General', 4, 1, 2, 0, 0, 0),
(1030, 'Fundamentos de TICs', 8, 1, 2, 0, 0, 0),
(1031, 'Física I', 8, 2, 2, 0, 0, 0),
(1032, 'Álgebra y Geometría analítica II', 4, 2, 2, 0, 0, 0),
(1033, 'Análisis Matemático II', 8, 2, 2, 0, 0, 0),
(1035, 'Física II', 8, 2, 2, 0, 0, 0),
(1108, 'Requerimientos para la Ingeniería', 4, 3, 2, 0, 0, 0),
(1109, 'Arquitectura de Computadoras', 6, 3, 2, 0, 0, 0),
(1110, 'Programación', 10, 3, 2, 0, 0, 0),
(1111, 'Probabilidad y Estadística', 4, 3, 2, 0, 0, 0),
(1112, 'Auditoría y Seguridad Informática', 4, 3, 2, 0, 0, 0),
(1113, 'Programación Avanzada', 10, 3, 2, 0, 0, 0),
(1114, 'Base de Datos', 6, 3, 2, 0, 0, 0),
(1115, 'Sistemas Operativos', 8, 4, 2, 0, 0, 0),
(1116, 'Análisis de Sistemas', 10, 4, 2, 0, 0, 0),
(1117, 'Cálculo Numérico', 4, 4, 2, 0, 0, 0),
(1118, 'Ingeniería de Requerimientos', 4, 4, 2, 0, 0, 0),
(1119, 'Comunicación de Datos', 4, 4, 2, 0, 0, 0),
(1120, 'Diseño de Sistemas', 10, 4, 2, 0, 0, 0),
(1121, 'Análisis de Software', 4, 4, 2, 0, 0, 0),
(1122, 'Redes de Computadoras', 8, 5, 2, 0, 0, 0),
(1123, 'Sistemas Operativos Avanzados', 4, 5, 2, 0, 0, 0),
(1124, 'Lenguajes y Compiladores', 4, 5, 2, 0, 0, 0),
(1125, 'Gestión Organizacional', 8, 5, 2, 0, 0, 0),
(1126, 'Ingeniería de Software', 10, 5, 2, 0, 0, 0),
(1127, 'Elementos de Inteligencia Artificial', 4, 5, 2, 0, 0, 0),
(1128, 'Electiva I', 4, 5, 2, 0, 0, 0),
(1129, 'Autómatas y Lenguajes Formales', 6, 5, 2, 0, 0, 0),
(1130, 'Electiva II', 4, 5, 2, 0, 0, 0),
(1131, 'Electiva III', 4, 5, 2, 0, 0, 0),
(1132, 'Proyecto de fin de carrera', 4, 5, 2, 0, 0, 0),
(1134, 'Sistemas de Transmisión y Conmutación', 8, 0, 2, 0, 0, 1),
(1135, 'Laboratorio de Teleinformática', 8, 0, 2, 0, 0, 1),
(1136, 'Seguridad en Redes', 4, 0, 2, 0, 0, 1),
(1137, 'Lenguajes Descriptivos de Hardware', 4, 0, 2, 0, 0, 1),
(1138, 'Proceso de Software', 8, 0, 2, 0, 0, 1),
(1139, 'Data Mining y Data Warehouse', 4, 0, 2, 0, 0, 1),
(1140, 'Programación de Páginas Web', 4, 0, 2, 0, 0, 1),
(1133, 'Práctica Profesional Supervisada', 12, 5, 2, 0, 0, 0); -- 12.5

-- Carrera: Ingeniería Electrónica

-- Plan 2023:

INSERT INTO Subject
(Code, Description, WeeklyHours,
 YearLevel, CareerPlanId, IsOptional,
 IsAnnual, IsElective)
VALUES
(3681, 'Análisis Matemático I', 4, 1, 3, 0, 0, 0),
(3682, 'Álgebra y Geometría Analítica I', 4, 1, 3, 0, 0, 0),
(3683, 'Fundamentos de Química', 4, 1, 3, 0, 0, 0),
(3684, 'Física I', 4, 1, 3, 0, 0, 0),
(3685, 'Integración Tecnológica I', 4, 1, 3, 0, 0, 0),
(3686, 'Tecnología, Ingeniería y Sociedad', 4, 1, 3, 0, 0, 0),
(3687, 'Análisis Matemático II', 4, 1, 3, 0, 0, 0),
(3688, 'Álgebra y Geometría Analítica II', 4, 1, 3, 0, 0, 0),
(3689, 'Elementos de Programación', 4, 1, 3, 0, 0, 0),
(3690, 'Física II', 4, 1, 3, 0, 0, 0),
(3691, 'Sistemas de Representación', 4, 1, 3, 0, 0, 0),
(3692, 'Técnicas Digitales I', 4, 1, 3, 0, 0, 0),
(3693, 'Análisis Matemático III', 4, 2, 3, 0, 0, 0),
(3694, 'Física III', 4, 2, 3, 0, 0, 0),
(3695, 'Técnicas Digitales II', 4, 2, 3, 0, 0, 0),
(3696, 'Electrónica I', 4, 2, 3, 0, 0, 0),
(3697, 'Teoría de los circuitos I', 4, 2, 3, 0, 0, 0),
(3698, 'Integración Tecnológica II', 4, 2, 3, 0, 0, 0),
(3699, 'Análisis Matemático IV', 4, 2, 3, 0, 0, 0),
(3700, 'Probabilidad Estadística', 4, 2, 3, 0, 0, 0),
(3701, 'Análisis de Señales I', 4, 2, 3, 0, 0, 0),
(3702, 'Electrónica II', 4, 2, 3, 0, 0, 0),
(3703, 'Teoría de Circuitos II', 4, 2, 3, 0, 0, 0),
(3704, 'Medidas Electrónicas', 4, 2, 3, 0, 0, 0),
(3705, 'Técnicas Digitales III', 4, 3, 3, 0, 0, 0),
(3706, 'Electromagnetismo', 4, 3, 3, 0, 0, 0),
(3707, 'Análisis de Señales II', 4, 3, 3, 0, 0, 0),
(3708, 'Electrónica Aplicada I', 4, 3, 3, 0, 0, 0),
(3709, 'Teoría de los circuitos III', 4, 3, 3, 0, 0, 0),
(3710, 'Integración Tecnológica III', 4, 3, 3, 0, 0, 0),
(3711, 'Cálculo Numérico', 4, 3, 3, 0, 0, 0),
(3712, 'Técnicas Digitales IV', 4, 3, 3, 0, 0, 0),
(3713, 'Medios de Enlace', 4, 3, 3, 0, 0, 0),
(3714, 'Electrónica Aplicada II', 4, 3, 3, 0, 0, 0),
(3715, 'Teoría de Circuitos IV', 4, 3, 3, 0, 0, 0),
(3716, 'Tecnología', 4, 3, 3, 0, 0, 0),
(3717, 'Física IV', 4, 4, 3, 0, 0, 0),
(3718, 'Lenguajes Descriptivos de Hardware', 4, 4, 3, 0, 0, 0),
(3719, 'Comunicaciones I', 4, 4, 3, 0, 0, 0),
(3720, 'Control I', 4, 4, 3, 0, 0, 0),
(3721, 'Electrónica Aplicada III', 4, 4, 3, 0, 0, 0),
(3722, 'Economía', 4, 4, 3, 0, 0, 0),
(3723, 'Práctica Profesional Supervisada', 4, 4, 3, 0, 0, 0),
(3724, 'Responsabilidad Social Universitaria', 4, 4, 3, 0, 0, 0),
(3725, 'Sistemas Operativos en Tiempo Real', 4, 4, 3, 0, 0, 0),
(3726, 'Comunicaciones II', 4, 4, 3, 0, 0, 0),
(3727, 'Control II', 4, 4, 3, 0, 0, 0),
(3728, 'Electrónica Industrial', 4, 4, 3, 0, 0, 0),
(3729, 'Gestión de Proyectos', 4, 4, 3, 0, 0, 0),
(3730, 'Ejercicios de la Profesión', 4, 4, 3, 0, 0, 0),
(3731, 'Procesamiento Digital de Señales', 4, 5, 3, 0, 0, 0),
(3732, 'Comunicaciones III', 4, 5, 3, 0, 0, 0),
(3733, 'Automatización Industrial', 4, 5, 3, 0, 0, 0),
(3734, 'Electrónica de Potencia', 4, 5, 3, 0, 0, 0),
(3735, 'Integración Tecnológica IV', 4, 5, 3, 0, 0, 0),
(3736, 'Electiva I', 4, 5, 3, 0, 0, 0),
(3737, 'Comunicaciones Avanzadas', 4, 5, 3, 0, 0, 0),
(3738, 'Control Avanzado', 4, 5, 3, 0, 0, 0),
(3739, 'Proyecto Integrador', 4, 5, 3, 0, 1, 0),
(3740, 'Electiva II', 4, 5, 3, 0, 0, 0),
(3741, 'Electiva III', 4, 5, 3, 0, 0, 0),
(3742, 'Seguridad e Higiene y Organización Industrial', 4, 5, 3, 0, 0, 0);

-- Plan 2009:

INSERT INTO Subject
(Code, Description, WeeklyHours,
 YearLevel, CareerPlanId, IsOptional,
 IsAnnual, IsElective)
 VALUES
(1023, 'Análisis Matemático I', 8, 1, 4, 0, 0, 0),
(1024, 'Elementos de Programación', 8, 1, 4, 0, 0, 0),
(1025, 'Sistemas de Representación y Dibujo técnico', 4, 1, 4, 0, 0, 0),
(1026, 'Tecnología, Ingeniería y Sociedad', 4, 1, 4, 0, 0, 0),
(1027, 'Álgebra y Geometría analítica I', 8, 1, 4, 0, 0, 0),
(1028, 'Matemática Discreta', 4, 1, 4, 0, 0, 0),
(1029, 'Química General', 4, 1, 4, 0, 0, 0),
(1030, 'Fundamentos de TICs', 8, 1, 4, 0, 0, 0),
(1031, 'Física I', 8, 2, 4, 0, 0, 0),
(1032, 'Álgebra y Geometría Analítica II', 4, 2, 4, 0, 0, 0),
(1033, 'Análisis Matemático II', 8, 2, 4, 0, 0, 0),
(1034, 'Introducción a los Sistemas Digitales', 4, 2, 4, 0, 0, 0),
(1035, 'Física II', 8, 2, 4, 0, 0, 0),
(1036, 'Técnicas Digitales I', 4, 2, 4, 0, 0, 0),
(1037, 'Física III', 6, 2, 4, 0, 0, 0),
(1038, 'Análisis de Señales', 8, 2, 4, 0, 0, 0),
(1039, 'Electrónica I', 6, 3, 4, 0, 0, 0),
(1040, 'Teoría de los Circuitos I', 6, 3, 4, 0, 0, 0),
(1041, 'Medios de Enlace y Electromagnetismo', 8, 3, 4, 0, 0, 0),
(1042, 'Economía', 4, 3, 4, 0, 0, 0),
(1043, 'Electrónica II', 8, 3, 4, 0, 0, 0),
(1044, 'Técnicas Digitales II', 8, 3, 4, 0, 0, 0),
(1045, 'Medidas Eléctricas y Electrónicas', 8, 3, 4, 0, 0, 0),
(1047, 'Sistemas de Control I', 8, 4, 4, 0, 0, 0),
(1048, 'Teoría de Circuitos II', 8, 4, 4, 0, 0, 0),
(1049, 'Técnicas Digitales III', 6, 4, 4, 0, 1, 0),
(1050, 'Probabilidad y Estadística', 4, 4, 4, 0, 0, 0),
(1051, 'Introducción a los Sistemas de Comunicaciones', 8, 4, 4, 0, 0, 0),
(1052, 'Electrónica de Potencia', 6, 5, 4, 0, 0, 0),
(1053, 'Organización Industrial, Seguridad e Higiene', 4, 4, 4, 0, 0, 0),
(1054, 'Cálculo Numérico', 4, 4, 4, 0, 0, 0),
(1055, 'Electrónica III', 4, 5, 4, 0, 0, 0),
(1056, 'Informática Avanzada', 4, 5, 4, 0, 0, 0),
(1057, 'Componentes e Instrumentos de Control', 4, 5, 4, 0, 0, 0),
(1058, 'Tecnología Electrónica', 6, 5, 4, 0, 0, 0),
(1059, 'Redes de Computadoras', 8, 5, 4, 0, 1, 0),
(1060, 'Ejercicio Profesional', 4, 5, 4, 0, 0, 0),
(1061, 'Proyecto', 4, 5, 4, 0, 1, 0),
(1062, 'Práctica profesional supervisada', 200, 5, 4, 0, 0, 0),
(1046, 'Taller de Electrónica', 4, 5, 4, 0, 0, 0),
(1063, 'Comunicaciones sobre IP', 4, 5, 4, 1, 0, 0),
(1064, 'Redes y Servicios Avanzados de Comunicaciones', 4, 5, 4, 1, 0, 0),
(1065, 'Sistemas de Transmisión', 4, 5, 4, 1, 0, 0),
(1066, 'Sistemas de Control II', 4, 5, 4, 1, 0, 0),
(1067, 'Control Digital', 4, 5, 4, 1, 0, 0),
(1068, 'Robótica', 4, 5, 4, 1, 0, 0),
(1069, 'Procesamiento Digital de Señales', 4, 5, 4, 1, 0, 0),
(1070, 'Programación de Hardware', 4, 5, 4, 1, 0, 0),
(1071, 'Diseño de Interfaces', 4, 5, 4, 1, 0, 0),
(1072, 'Desarrollo de Mercados Tecnológicos', 4, 5, 4, 1, 0, 0);

-- Carrera: Ingeniería Industrial

-- Plan 2009:

INSERT INTO Subject
(Code, Description, WeeklyHours,
 YearLevel, CareerPlanId, IsOptional,
 IsAnnual, IsElective)
 VALUES
(1023, 'Análisis Matemático I', 8, 1, 5, 0, 0, 0),
(1024, 'Elementos de Programación', 8, 1, 5, 0, 0, 0),
(1025, 'Sistemas de Representación', 4, 1, 5, 0, 0, 0),
(1026, 'Tecnología, Ingeniería y Sociedad', 4, 1, 5, 0, 0, 0),
(1027, 'Álgebra y Geometría Analítica I', 8, 1, 5, 0, 0, 0),
(1028, 'Matemática Discreta', 4, 1, 5, 0, 0, 0),
(1029, 'Química General', 4, 1, 5, 0, 0, 0),
(1030, 'Fundamentos de TICs', 8, 1, 5, 0, 0, 0),
(1031, 'Física I', 8, 2, 5, 0, 0, 0),
(1032, 'Álgebra y Geometría Analítica II', 4, 2, 5, 0, 0, 0),
(1033, 'Análisis Matemático II', 8, 2, 5, 0, 0, 0),
(1035, 'Física II', 8, 2, 5, 0, 0, 0),
(1037, 'Física III', 8, 2, 5, 0, 0, 0),
(1038, 'Análisis de Señales', 8, 2, 5, 0, 0, 0),
(1073, 'Empresa y sus Estructuras', 4, 2, 5, 0, 0, 0),
(1074, 'Elementos de Economía', 4, 2, 5, 0, 0, 0),
(1075, 'Probabilidad y Estadística', 4, 2, 5, 0, 0, 0),
(1076, 'Química Industrial', 8, 2, 5, 0, 0, 0),
(1077, 'Costos Industriales', 4, 3, 5, 0, 0, 0),
(1078, 'Física Superior', 4, 3, 5, 0, 0, 0),
(1079, 'Termodinámica y Máquinas Térmicas', 8, 3, 5, 0, 0, 0),
(1080, 'Organización Industrial', 8, 3, 5, 0, 0, 0),
(1081, 'Mecánica de Materiales', 8, 3, 5, 0, 0, 0),
(1082, 'Cálculo Numérico', 4, 3, 5, 0, 0, 0),
(1083, 'Mecánica y Mecanismos', 8, 3, 5, 0, 0, 0),
(1084, 'Estadística Aplicada', 4, 3, 5, 0, 0, 0),
(1085, 'Investigación Operativa', 8, 4, 5, 0, 0, 0),
(1086, 'Industrias I', 4, 4, 5, 0, 0, 0),
(1087, 'Finanzas de la Empresa', 4, 4, 5, 0, 0, 0),
(1088, 'Materiales Industriales', 4, 4, 5, 0, 0, 0),
(1089, 'Mecánica de Fluidos e Instalaciones Hidráulicas', 4, 4, 5, 0, 0, 0),
(1090, 'Máquinas e Instalaciones Eléctricas', 8, 4, 5, 0, 0, 0),
(1091, 'Higiene y Seguridad', 4, 4, 5, 0, 0, 0),
(1092, 'Organización de Empresas', 4, 4, 5, 0, 0, 0),
(1093, 'Emprendedorismo e Innovación', 4, 4, 5, 0, 0, 0),
(1094, 'Industrias II', 4, 4, 5, 0, 0, 0),
(1095, 'Transporte y Logística', 4, 5, 5, 0, 0, 0),
(1096, 'Ecología y Desarrollo Sustentable', 4, 5, 5, 0, 0, 0),
(1097, 'Gestión Comercial', 4, 5, 5, 0, 0, 0),
(1098, 'Proyectos de Ingeniería', 4, 5, 5, 0, 0, 0),
(1099, 'Práctica Profesional Supervisada', 2, 5, 5, 0, 1, 0),
(1100, 'Sistemas de Información', 4, 5, 5, 0, 0, 0),
(1101, 'Legislación General', 4, 5, 5, 0, 0, 0),
(1102, 'Gestión de la Calidad', 4, 5, 5, 0, 0, 0),
(1103, 'Automatización Industrial', 4, 5, 5, 0, 0, 0),
(1104, 'Industrias III', 4, 5, 5, 0, 0, 0),
(1105, 'Gestión Industrial', 4, 5, 5, 0, 0, 0),
(1106, 'Construcciones Industriales', 4, 5, 5, 0, 0, 0);

-- Carrera: Ingeniería Civil

-- Plan 2017:

INSERT INTO Subject
(Code, Description, WeeklyHours,
 YearLevel, CareerPlanId, IsOptional,
 IsAnnual, IsElective)
 VALUES
(1023, 'Análisis Matemático I', 8, 1, 6, 0, 0, 0),
(1024, 'Elementos de Programación', 8, 1, 6, 0, 0, 0),
(1025, 'Sistemas de Representación', 4, 1, 6, 0, 0, 0),
(1026, 'Tecnología, Ingeniería y Sociedad', 4, 1, 6, 0, 0, 0),
(1027, 'Álgebra y Geometría Analítica I', 8, 1, 6, 0, 0, 0),
(1028, 'Matemática Discreta', 4, 1, 6, 0, 0, 0),
(1029, 'Química General', 4, 1, 6, 0, 0, 0),
(1030, 'Fundamentos de TICs', 8, 1, 6, 0, 0, 0),
(1031, 'Física I', 8, 2, 6, 0, 0, 0),
(1032, 'Álgebra y Geometría Analítica II', 4, 2, 6, 0, 0, 0),
(1033, 'Análisis Matemático II', 8, 2, 6, 0, 0, 0),
(1035, 'Física II', 8, 2, 6, 0, 0, 0),
(1255, 'Probabilidad y Estadística', 4, 2, 6, 0, 0, 0),
(1256, 'Economía', 4, 2, 6, 0, 0, 0),
(1257, 'Estabilidad', 8, 2, 6, 0, 0, 0),
(1259, 'Materiales de Construcción', 8, 2, 6, 0, 0, 0),
(1260, 'Cálculo Numérico', 4, 2, 6, 0, 0, 0),
(1261, 'Resistencia de Materiales', 8, 3, 6, 0, 0, 0),
(1262, 'Geotopografía', 6, 3, 6, 0, 0, 0),
(1263, 'Tecnología de la Construcción', 8, 3, 6, 0, 0, 0),
(1264, 'Instalaciones Eléctricas y Acústicas', 6, 3, 6, 0, 0, 0),
(1265, 'Tecnología del Hormigón', 4, 3, 6, 0, 0, 0),
(1266, 'Instalaciones Termomecánicas', 6, 3, 6, 0, 0, 0),
(1267, 'Hidráulica General y Aplicada', 10, 3, 6, 0, 0, 0),
(1268, 'Análisis Estructural I', 8, 3, 6, 0, 0, 0),
(1269, 'Geotecnia', 8, 4, 6, 0, 0, 0),
(1270, 'Estructuras de Hormigón', 8, 4, 6, 0, 0, 0),
(1271, 'Instalaciones Sanitarias y de Gas', 8, 4, 6, 0, 0, 0),
(1244, 'Gestión Ambiental', 4, 4, 6, 0, 0, 0),
(1273, 'Diseño Arquitectónico, Planeamiento y Urbanismo I', 6, 4, 6, 0, 0, 0),
(1274, 'Hidrología y Obras Hidráulicas I', 8, 4, 6, 0, 0, 0),
(1275, 'Cimentaciones', 6, 4, 6, 0, 0, 0),
(1394, 'Electiva I', 4, 4, 6, 0, 0, 0),
(1277, 'Construcciones Metálicas y de Madera', 8, 5, 6, 0, 0, 0),
(1278, 'Práctica Profesional Supervisada', 200, 5, 6, 0, 1, 0),
(1279, 'Ingeniería Sanitaria', 6, 5, 6, 0, 0, 0),
(1280, 'Vías de Comunicación I', 8, 5, 6, 0, 0, 0),
(1281, 'Análisis Estructural II', 4, 5, 6, 0, 0, 0),
(1397, 'Anteproyecto', 4, 5, 6, 0, 0, 0),
(1282, 'Organización y Conducción de Obras', 8, 5, 6, 0, 0, 0),
(1283, 'Vías de Comunicación II', 6, 5, 6, 0, 0, 0),
(1395, 'Electiva II', 4, 5, 6, 0, 0, 0),
(1396, 'Electiva III', 4, 5, 6, 0, 0, 0),
(1286, 'Ingeniería Legal', 4, 5, 6, 0, 0, 0),
(1398, 'Proyecto Final', 4, 5, 6, 0, 0, 0),
(1243, 'Elasticidad y Plasticidad', 4, 0, 6, 0, 0, 1),
(1245, 'Geología Aplicada', 4, 0, 6, 0, 0, 1),
(1246, 'Prefabricaciones', 4, 0, 6, 0, 0, 1),
(1247, 'Diseño Arquitectónico, Planeamiento y Urbanismo II', 4, 0, 6, 0, 0, 1),
(1248, 'Hidrología y Obras Hidráulicas II', 4, 0, 6, 0, 0, 1),
(1249, 'Tránsito y Vialidad Urbana', 4, 0, 6, 0, 0, 1),
(1250, 'Puentes', 4, 0, 6, 0, 0, 1),
(1251, 'Análisis Estructural III', 4, 0, 6, 0, 0, 1);

-- Carrera: Ingeniería Mecánica

-- Plan 2015:

INSERT INTO Subject
(Code, Description, WeeklyHours,
 YearLevel, CareerPlanId, IsOptional,
 IsAnnual, IsElective)
 VALUES
(1023, 'Análisis Matemático I', 8, 1, 7, 0, 0, 0),
(1024, 'Elementos de Programación', 8, 1, 7, 0, 0, 0),
(1025, 'Sistemas de Representación', 4, 1, 7, 0, 0, 0),
(1026, 'Tecnología, Ingeniería y Sociedad', 4, 1, 7, 0, 0, 0),
(1027, 'Álgebra y Geometría Analítica I', 8, 1, 7, 0, 0, 0),
(1028, 'Matemática Discreta', 4, 1, 7, 0, 0, 0),
(1029, 'Química General', 4, 1, 7, 0, 0, 0),
(1030, 'Fundamentos de TICs', 8, 1, 7, 0, 0, 0),
(1031, 'Física I', 8, 2, 7, 0, 0, 0),
(1032, 'Álgebra y Geometría Analítica II', 4, 2, 7, 0, 0, 0),
(1033, 'Análisis Matemático II', 8, 2, 7, 0, 0, 0),
(1035, 'Física II', 8, 2, 7, 0, 0, 0),
(3016, 'Probabilidad Estadística', 4, 2, 7, 0, 0, 0),
(3017, 'Química Industrial', 4, 2, 7, 0, 0, 0),
(3018, 'Estabilidad I', 8, 2, 7, 0, 0, 0),
(3019, 'Cálculo Numérico', 4, 2, 7, 0, 0, 0),
(3020, 'Termodinámica', 8, 3, 7, 0, 0, 0),
(3021, 'Física III', 6, 3, 7, 0, 0, 0),
(3022, 'Matemática Avanzada', 4, 3, 7, 0, 0, 0),
(3023, 'Costos Industriales', 4, 3, 7, 0, 0, 0),
(3024, 'Mecánica General', 4, 3, 7, 0, 0, 0),
(3025, 'Máquinas Térmicas', 8, 3, 7, 0, 0, 0),
(3026, 'Estabilidad II', 8, 3, 7, 0, 0, 0),
(3027, 'Organización Industrial', 4, 3, 7, 0, 0, 0),
(3028, 'Mecánica de los Fluidos', 8, 4, 7, 0, 0, 0),
(3029, 'Estabilidad III', 8, 4, 7, 0, 0, 0),
(3030, 'Metalurgia Física I', 4, 4, 7, 0, 0, 0),
(3031, 'Electrotecnia y Electrónica', 8, 4, 7, 0, 0, 0),
(3032, 'Elementos de Máquinas', 8, 4, 7, 0, 0, 0),
(3033, 'Automación I', 8, 4, 7, 0, 0, 0),
(3034, 'Trabajado Mecánico I', 8, 4, 7, 0, 0, 0),
(3035, 'Metalurgia Física II', 4, 4, 7, 0, 0, 0),
(3036, 'Trabajado Mecánico II', 8, 5, 7, 0, 0, 0),
(3037, 'Elementos de Economía', 4, 5, 7, 0, 0, 0),
(3038, 'Automación II', 4, 5, 7, 0, 0, 0),
(3039, 'Máquinas Eléctricas', 8, 5, 7, 0, 0, 0),
(3040, 'Metrología y Gestión de la Calidad', 8, 5, 7, 0, 0, 0),
(3041, 'Higiene y Seguridad en el Trabajo', 4, 5, 7, 0, 0, 0),
(3042, 'Instalaciones Industriales', 4, 5, 7, 0, 0, 0),
(3043, 'Legislación General', 4, 5, 7, 0, 0, 0),
(3044, 'Práctica Profesional Supervisada', 4, 5, 7, 0, 1, 0),
(3045, 'Proyecto Final', 8, 5, 7, 0, 0, 0);

-- Carrera: Arquitectura

-- Plan 2015:

INSERT INTO Subject
(Code, Description, WeeklyHours,
 YearLevel, CareerPlanId, IsOptional,
 IsAnnual, IsElective)
 VALUES
(2952, 'Proyecto I', 8, 1, 8, 0, 0, 0),
(2953, 'Tecnología I', 4, 1, 8, 0, 0, 0),
(2954, 'Forma I', 4, 1, 8, 0, 0, 0),
(2955, 'Historia y Crítica I', 4, 1, 8, 0, 0, 0),
(2956, 'Matemática Aplicada I', 4, 1, 8, 0, 0, 0),
(2957, 'Proyecto II', 8, 1, 8, 0, 0, 0),
(2958, 'Tecnología II', 4, 1, 8, 0, 0, 0),
(2959, 'Forma II', 4, 1, 8, 0, 0, 0),
(2960, 'Historia y Crítica II', 4, 1, 8, 0, 0, 0),
(2961, 'Matemática Aplicada II', 4, 1, 8, 0, 0, 0),
(2962, 'Proyecto III', 8, 2, 8, 0, 0, 0),
(2963, 'Tecnología III', 8, 2, 8, 0, 0, 0),
(2964, 'Forma III', 4, 2, 8, 0, 0, 0),
(2965, 'Sistemas Informáticos Proyectuales I', 4, 2, 8, 0, 0, 0),
(2966, 'Proyecto IV', 8, 2, 8, 0, 0, 0),
(2967, 'Tecnología IV', 8, 2, 8, 0, 0, 0),
(2968, 'Historia y Crítica III', 4, 2, 8, 0, 0, 0),
(2969, 'Sistemas Informáticos Proyectuales II', 4, 3, 8, 0, 0, 0),
(2970, 'Proyecto V', 8, 3, 8, 0, 0, 0),
(2971, 'Tecnología V', 8, 3, 8, 0, 0, 0),
(2972, 'Historia y Crítica IV', 4, 3, 8, 0, 0, 0),
(2973, 'Proyecto VI', 8, 3, 8, 0, 0, 0),
(2974, 'Tecnología VI', 8, 3, 8, 0, 0, 0),
(2975, 'Forma IV', 4, 3, 8, 0, 0, 0),
(2977, 'Proyecto VII', 8, 4, 8, 0, 0, 0),
(2978, 'Tecnología VII', 8, 4, 8, 0, 0, 0),
(2979, 'Forma V', 4, 4, 8, 0, 0, 0),
(2980, 'Historia y Crítica V', 4, 4, 8, 0, 0, 0),
(2981, 'Proyecto VIII', 8, 4, 8, 0, 0, 0),
(2982, 'Tecnología VIII', 8, 4, 8, 0, 0, 0),
(2983, 'Forma VI', 4, 4, 8, 0, 0, 0),
(2984, 'Historia y Crítica VI', 4, 4, 8, 0, 0, 0),
(2985, 'Proyecto IX', 8, 5, 8, 0, 0, 0),
(2986, 'Urbanismo I', 4, 5, 8, 0, 0, 0),
(2987, 'Gestión I', 4, 5, 8, 0, 0, 0),
(2988, 'Práctica Profesional I', 4, 5, 8, 0, 0, 0),
(2989, 'Proyecto X', 8, 5, 8, 0, 0, 0),
(2990, 'Urbanismo II', 4, 5, 8, 0, 0, 0),
(2991, 'Gestión II', 4, 5, 8, 0, 0, 0),
(2992, 'Práctica Profesional II', 4, 5, 8, 0, 0, 0),
(2993, 'Espacio Curricular Optativo I', 4, 5, 8, 0, 0, 0),
(2994, 'Espacio Curricular Optativo II', 4, 5, 8, 0, 0, 0),
(2995, 'Proyecto Final de Carrera', 12, 6, 8, 0, 0, 0),
(3941, 'Desarrollo Urbano Sustentable', 4, 0, 8, 0, 0, 1),
(3942, 'Paisaje, Arquitectura y Tecnologías I', 4, 0, 8, 0, 0, 1),
(3943, 'Paisaje, Arquitectura y Tecnologías II', 4, 0, 8, 0, 0, 1),
(3944, 'Programas Urbanos Especiales', 4, 0, 8, 0, 0, 1),
(3945, 'Teoría y Crítica', 4, 0, 8, 0, 0, 1),
(3940, 'Introducción al BIM', 4, 0, 8, 1, 0, 0);

------------------------------------------------------------------------------------

								-- Correlatives

------------------------------------------------------------------------------------

-- Transversales:

INSERT INTO Correlative 
(SubjectCode, CorrelativeCode, 
SubjectCareerPlanId, CorrelativeCareerPlanId) VALUES
(902, 901, 0, 0),
(903, 902, 0, 0),
(904, 903, 0, 0),
(912, 911, 0, 0);

-- Departamento: Ingeniería

-- Carrera: Ingeniería Informática

-- Plan 2023:

INSERT INTO Correlative 
(SubjectCode, CorrelativeCode, 
SubjectCareerPlanId, CorrelativeCareerPlanId) VALUES
(3628, 3622, 1, 1),
(3629, 3623, 1, 1),
(3630, 3624, 1, 1),
(3631, 3625, 1, 1),
(3633, 3622, 1, 1),
(3634, 3628, 1, 1),
(3635, 3629, 1, 1), (3635, 3621, 1, 1),
(3636, 3629, 1, 1), (3636, 3621, 1, 1),
(3637, 3630, 1, 1),
(3638, 3631, 1, 1),
(3676, 3626, 1, 1),
(3639, 3633, 1, 1),
(3640, 3635, 1, 1),
(3641, 3636, 1, 1),
(3642, 3637, 1, 1), (3642, 3626, 1, 1),
(3643, 3638, 1, 1), (3643, 3634, 1, 1),
(3644, 3632, 1, 1),
(3680, 3638, 1, 1), (3680, 3636, 1, 1), (3680, 3635, 1, 1), (3680, 3632, 1, 1), (3680, 3630, 1, 1), (3680, 3626, 1, 1), (3680, 3625, 1, 1), (3680, 3624, 1, 1), (3680, 3623, 1, 1), (3680, 3621, 1, 1),
(3645, 3627, 1, 1),
(3646, 3640, 1, 1), (3646, 3633, 1, 1),
(3647, 3642, 1, 1),
(3648, 3642, 1, 1), (3648, 3636, 1, 1),
(3649, 3638, 1, 1),
(3650, 3643, 1, 1), (3650, 3638, 1, 1), (3650, 3635, 1, 1),
(3675, 3642, 1, 1),
(3651, 3645, 1, 1), (3651, 3639, 1, 1), (3651, 3621, 1, 1),
(3652, 3641, 1, 1), (3652, 3646, 1, 1),
(3653, 3648, 1, 1),
(3654, 3649, 1, 1), (3654, 3645, 1, 1), (3654, 3640, 1, 1),
(3655, 3650, 1, 1),
(3656, 3651, 1, 1), (3656, 3641, 1, 1),
(3657, 3646, 1, 1),
(3658, 3654, 1, 1), (3658, 3646, 1, 1),
(3659, 3653, 1, 1), (3659, 3647, 1, 1), (3659, 3644, 1, 1),
(3660, 3654, 1, 1),
(3661, 3651, 1, 1), (3661, 3650, 1, 1), (3661, 3644, 1, 1),
(3662, 3651, 1, 1), (3662, 3650, 1, 1), (3662, 3644, 1, 1),
(3663, 3657, 1, 1),
(3664, 3651, 1, 1), (3664, 3646, 1, 1),
(3665, 3659, 1, 1), (3665, 3652, 1, 1),
(3666, 3655, 1, 1), (3666, 3652, 1, 1), (3666, 3649, 1, 1),
(3667, 3647, 1, 1),
(3668, 3664, 1, 1), (3668, 3656, 1, 1),
(3669, 3661, 1, 1),
(3670, 3664, 1, 1), (3670, 3656, 1, 1),
(3671, 3667, 1, 1), (3671, 3661, 1, 1), (3671, 3660, 1, 1), (3671, 3659, 1, 1), (3671, 3656, 1, 1),
(3672, 3658, 1, 1), (3672, 3661, 1, 1), (3672, 3663, 1, 1),
(3673, 3662, 1, 1), (3673, 3666, 1, 1),
(3674, 3664, 1, 1), (3674, 3665, 1, 1);

-- Plan 2009:

INSERT INTO Correlative 
(SubjectCode, CorrelativeCode, 
SubjectCareerPlanId, CorrelativeCareerPlanId) VALUES
(1027, 1023, 2, 2),
(1028, 1027, 2, 2),
(1031, 1023, 2, 2),
(1032, 1027, 2, 2),
(1033, 1023, 2, 2),
(1035, 1031, 2, 2),
(1108, 1030, 2, 2),
(1109, 1028, 2, 2), (1109, 1030, 2, 2),
(1110, 1024, 2, 2), (1110, 1028, 2, 2),
(1111, 1033, 2, 2),
(1112, 1026, 2, 2), (1112, 1109, 2, 2),
(1113, 1023, 2, 2), (1113, 1110, 2, 2),
(1114, 1028, 2, 2), (1114, 1033, 2, 2),
(1115, 1109, 2, 2), (1115, 1110, 2, 2),
(1116, 1028, 2, 2), (1116, 1108, 2, 2),
(1117, 1032, 2, 2), (1117, 1033, 2, 2),
(1118, 1116, 2, 2),
(1119, 1109, 2, 2), (1119, 1115, 2, 2),
(1120, 1116, 2, 2),
(1121, 1113, 2, 2),
(1122, 1031, 2, 2), (1122, 1119, 2, 2),
(1123, 1113, 2, 2), (1123, 1115, 2, 2),
(1124, 1110, 2, 2), (1124, 1115, 2, 2),
(1125, 1026, 2, 2), (1125, 1116, 2, 2),
(1126, 1025, 2, 2), (1126, 1029, 2, 2), (1126, 1035, 2, 2), (1126, 1109, 2, 2), (1126, 1111, 2, 2), (1126, 1115, 2, 2), (1126, 1117, 2, 2), (1126, 1120, 2, 2),
(1127, 1029, 2, 2), (1127, 1032, 2, 2), (1127, 1035, 2, 2), (1127, 1111, 2, 2), (1127, 1123, 2, 2),
(1128, 1025, 2, 2), (1128, 1029, 2, 2), (1128, 1035, 2, 2), (1128, 1111, 2, 2), (1128, 1115, 2, 2), (1128, 1117, 2, 2), (1128, 1122, 2, 2),
(1129, 1025, 2, 2), (1129, 1029, 2, 2), (1129, 1032, 2, 2), (1129, 1035, 2, 2), (1129, 1111, 2, 2), (1129, 1117, 2, 2), (1129, 1122, 2, 2),
(1130, 1025, 2, 2), (1130, 1029, 2, 2), (1130, 1035, 2, 2), (1130, 1111, 2, 2), (1130, 1115, 2, 2), (1130, 1117, 2, 2), (1130, 1122, 2, 2),
(1131, 1025, 2, 2), (1131, 1029, 2, 2), (1131, 1035, 2, 2), (1131, 1111, 2, 2), (1131, 1115, 2, 2), (1131, 1117, 2, 2), (1131, 1122, 2, 2),
(1132, 1023, 2, 2), (1132, 1024, 2, 2), (1132, 1025, 2, 2), (1132, 1027, 2, 2), (1132, 1026, 2, 2), (1132, 1028, 2, 2), (1132, 1029, 2, 2), (1132, 1030, 2, 2), (1132, 1031, 2, 2), (1132, 1032, 2, 2), (1132, 1033, 2, 2), (1132, 1035, 2, 2), (1132, 1108, 2, 2), (1132, 1109, 2, 2), (1132, 1110, 2, 2), (1132, 1111, 2, 2), (1132, 1113, 2, 2), (1132, 1114, 2, 2), (1132, 1115, 2, 2), (1132, 1116, 2, 2), (1132, 1117, 2, 2), (1132, 1118, 2, 2), (1132, 1119, 2, 2), (1132, 1120, 2, 2), (1132, 1121, 2, 2), (1132, 1122, 2, 2), (1132, 1123, 2, 2), (1132, 1124, 2, 2), (1132, 1125, 2, 2),
(1133, 1118, 2, 2), (1133, 1119, 2, 2), (1133, 1120, 2, 2), (1133, 1121, 2, 2), (1133, 1125, 2, 2);


-- Carrera: Ingeniería Electrónica

-- Plan 2023:

INSERT INTO Correlative
(SubjectCode, CorrelativeCode,
SubjectCareerPlanId, CorrelativeCareerPlanId) VALUES
(3687, 3681, 3, 3),
(3688, 3682, 3, 3),
(3690, 3684, 3, 3),
(3693, 3687, 3, 3),
(3694, 3690, 3, 3),
(3695, 3692, 3, 3), (3695, 3689, 3, 3),
(3696, 3688, 3, 3), (3696, 3687, 3, 3),
(3697, 3688, 3, 3), (3697, 3687, 3, 3),
(3698, 3685, 3, 3),
(3699, 3693, 3, 3),
(3700, 3693, 3, 3), (3700, 3688, 3, 3),
(3701, 3693, 3, 3),
(3702, 3696, 3, 3),
(3703, 3697, 3, 3),
(3704, 3697, 3, 3), (3704, 3696, 3, 3),
(3705, 3695, 3, 3),
(3706, 3699, 3, 3), (3706, 3694, 3, 3),
(3707, 3701, 3, 3),
(3708, 3702, 3, 3),
(3709, 3703, 3, 3),
(3710, 3698, 3, 3), (3710, 3704, 3, 3),
(3711, 3699, 3, 3),
(3712, 3705, 3, 3),
(3713, 3706, 3, 3),
(3714, 3708, 3, 3),
(3715, 3709, 3, 3),
(3716, 3706, 3, 3), (3716, 3710, 3, 3),
(3717, 3699, 3, 3), (3717, 3694, 3, 3),
(3718, 3712, 3, 3),
(3719, 3713, 3, 3),
(3720, 3707, 3, 3), (3720, 3711, 3, 3),
(3721, 3714, 3, 3),
(3722, 3686, 3, 3),
(3723, 3686, 3, 3),
(3724, 3686, 3, 3),
(3725, 3718, 3, 3),
(3726, 3719, 3, 3),
(3727, 3720, 3, 3),
(3728, 3721, 3, 3),
(3729, 3722, 3, 3), (3729, 3723, 3, 3),
(3730, 3722, 3, 3),
(3731, 3725, 3, 3),
(3732, 3726, 3, 3),
(3733, 3727, 3, 3),
(3734, 3728, 3, 3),
(3735, 3729, 3, 3),
(3736, 3729, 3, 3),
(3737, 3732, 3, 3),
(3738, 3733, 3, 3),
(3739, 3734, 3, 3), (3739, 3733, 3, 3), (3739, 3732, 3, 3), (3739, 3731, 3, 3),
(3740, 3735, 3, 3),
(3741, 3735, 3, 3),
(3742, 3730, 3, 3);

-- Carrera: Ingeniería Electrónica

-- Plan 2009:

INSERT INTO Correlative
(SubjectCode, CorrelativeCode,
SubjectCareerPlanId, CorrelativeCareerPlanId) VALUES
(1027, 1023, 4, 4),
(1028, 1027, 4, 4),
(1029, 1028, 4, 4),
(1030, 1024, 4, 4),
(1031, 1023, 4, 4),
(1032, 1027, 4, 4),
(1033, 1023, 4, 4),
(1034, 1028, 4, 4),
(1035, 1031, 4, 4),
(1036, 1034, 4, 4),
(1037, 1035, 4, 4),
(1038, 1033, 4, 4),
(1039, 1035, 4, 4),
(1040, 1035, 4, 4),
(1041, 1033, 4, 4),
(1042, 1026, 4, 4),
(1043, 1039, 4, 4),
(1044, 1039, 4, 4),
(1045, 1036, 4, 4),
(1047, 1039, 4, 4),
(1048, 1040, 4, 4),
(1049, 1024, 4, 4), (1049, 1043, 4, 4), (1049, 1044, 4, 4),
(1050, 1033, 4, 4),
(1051, 1038, 4, 4), (1051, 1041, 4, 4), (1051, 1048, 4, 4),
(1052, 1040, 4, 4), (1052, 1043, 4, 4), (1052, 1045, 4, 4),
(1053, 1042, 4, 4), (1053, 1050, 4, 4),
(1054, 1024, 4, 4), (1054, 1032, 4, 4), (1054, 1033, 4, 4),
(1055, 1043, 4, 4), (1055, 1051, 4, 4),
(1056, 1024, 4, 4), (1056, 1048, 4, 4),
(1057, 1045, 4, 4), (1057, 1047, 4, 4),
(1058, 1043, 4, 4), (1058, 1045, 4, 4),
(1059, 1049, 4, 4), (1059, 1051, 4, 4),
(1060, 1053, 4, 4),
(1061, 1047, 4, 4), (1061, 1049, 4, 4), (1061, 1050, 4, 4), (1061, 1051, 4, 4),
(1062, 1053, 4, 4),
(1063, 1051, 4, 4),
(1064, 1051, 4, 4),
(1065, 1051, 4, 4),
(1066, 1047, 4, 4),
(1067, 1066, 4, 4),
(1068, 1049, 4, 4), (1068, 1057, 4, 4),
(1069, 1038, 4, 4),
(1070, 1044, 4, 4),
(1071, 1056, 4, 4),
(1072, 1053, 4, 4);

-- Carrera: Ingeniería Industrial

-- Plan 2009:

INSERT INTO Correlative
(SubjectCode, CorrelativeCode,
SubjectCareerPlanId, CorrelativeCareerPlanId) VALUES
(1031, 1023, 5, 5), (1031, 1027, 5, 5),
(1032, 1027, 5, 5),
(1033, 1023, 5, 5),
(1035, 1031, 5, 5),
(1037, 1035, 5, 5),
(1038, 1033, 5, 5),
(1073, 1026, 5, 5),
(1074, 1023, 5, 5),
(1075, 1033, 5, 5),
(1076, 1029, 5, 5),
(1077, 1073, 5, 5), (1077, 1074, 5, 5),
(1078, 1035, 5, 5),
(1079, 1035, 5, 5), (1079, 1076, 5, 5),
(1080, 1073, 5, 5), (1080, 1075, 5, 5),
(1081, 1035, 5, 5),
(1082, 1028, 5, 5), (1082, 1032, 5, 5), (1082, 1033, 5, 5),
(1083, 1025, 5, 5), (1083, 1035, 5, 5),
(1084, 1075, 5, 5),
(1085, 1075, 5, 5),
(1086, 1076, 5, 5), (1086, 1079, 5, 5),
(1087, 1073, 5, 5),
(1088, 1076, 5, 5),
(1089, 1025, 5, 5), (1089, 1035, 5, 5),
(1090, 1025, 5, 5), (1090, 1035, 5, 5),
(1091, 1076, 5, 5),
(1092, 1080, 5, 5),
(1093, 1087, 5, 5),
(1094, 1078, 5, 5), (1094, 1086, 5, 5), (1094, 1088, 5, 5),
(1095, 1080, 5, 5), (1095, 1085, 5, 5),
(1096, 1079, 5, 5), (1096, 1091, 5, 5),
(1097, 1092, 5, 5),
(1098, 1085, 5, 5), (1098, 1093, 5, 5),
(1099, 1079, 5, 5), (1099, 1085, 5, 5), (1099, 1086, 5, 5), (1099, 1087, 5, 5), (1099, 1088, 5, 5), (1099, 1089, 5, 5), (1099, 1090, 5, 5), (1099, 1092, 5, 5),
(1100, 1024, 5, 5), (1100, 1030, 5, 5), (1100, 1080, 5, 5),
(1101, 1092, 5, 5),
(1102, 1084, 5, 5), (1102, 1092, 5, 5),
(1103, 1083, 5, 5),
(1104, 1085, 5, 5), (1104, 1092, 5, 5),
(1105, 1087, 5, 5), (1105, 1092, 5, 5),
(1106, 1025, 5, 5), (1106, 1079, 5, 5), (1106, 1089, 5, 5), (1106, 1090, 5, 5);

-- Carrera: Ingeniería Civil

-- Plan 2017:

INSERT INTO Correlative
(SubjectCode, CorrelativeCode,
SubjectCareerPlanId, CorrelativeCareerPlanId) VALUES
(1031, 1023, 6, 6),
(1032, 1027, 6, 6),
(1033, 1023, 6, 6),
(1035, 1031, 6, 6),
(1255, 1023, 6, 6), (1255, 1027, 6, 6),
(1256, 1023, 6, 6), (1256, 1026, 6, 6),
(1257, 1027, 6, 6), (1257, 1031, 6, 6),
(1259, 1025, 6, 6), (1259, 1029, 6, 6), (1259, 1031, 6, 6),
(1260, 1024, 6, 6), (1260, 1032, 6, 6), (1260, 1033, 6, 6),
(1261, 1032, 6, 6), (1261, 1033, 6, 6), (1261, 1257, 6, 6),
(1262, 1025, 6, 6), (1262, 1033, 6, 6), (1262, 1035, 6, 6),
(1263, 1030, 6, 6), (1263, 1257, 6, 6), (1263, 1259, 6, 6),
(1264, 1035, 6, 6), (1264, 1259, 6, 6),
(1265, 1255, 6, 6), (1265, 1259, 6, 6), (1265, 1261, 6, 6),
(1266, 1035, 6, 6), (1266, 1259, 6, 6),
(1267, 1033, 6, 6), (1267, 1257, 6, 6),
(1268, 1260, 6, 6), (1268, 1261, 6, 6), (1268, 1263, 6, 6),
(1269, 1261, 6, 6), (1269, 1263, 6, 6), (1269, 1267, 6, 6),
(1270, 1263, 6, 6), (1270, 1265, 6, 6), (1270, 1268, 6, 6),
(1271, 1259, 6, 6), (1271, 1267, 6, 6),
(1244, 1029, 6, 6), (1244, 1256, 6, 6), (1244, 1267, 6, 6),
(1273, 1263, 6, 6), (1273, 1264, 6, 6), (1273, 1266, 6, 6), (1273, 1271, 6, 6),
(1274, 1262, 6, 6), (1274, 1263, 6, 6), (1274, 1267, 6, 6),
(1275, 1269, 6, 6), (1275, 1270, 6, 6),
(1394, 1023, 6, 6), (1394, 1024, 6, 6), (1394, 1025, 6, 6), (1394, 1026, 6, 6), (1394, 1027, 6, 6), (1394, 1028, 6, 6), (1394, 1029, 6, 6), (1394, 1030, 6, 6), (1394, 1031, 6, 6), (1394, 1032, 6, 6), (1394, 1033, 6, 6), (1394, 1035, 6, 6), (1394, 1255, 6, 6), (1394, 1256, 6, 6), (1394, 1257, 6, 6), (1394, 1259, 6, 6), (1394, 1260, 6, 6), (1394, 1261, 6, 6), (1394, 1262, 6, 6), (1394, 1263, 6, 6), (1394, 1264, 6, 6), (1394, 1265, 6, 6), (1394, 1266, 6, 6), (1394, 1267, 6, 6), (1394, 1268, 6, 6), (1394, 1269, 6, 6), (1394, 1270, 6, 6), (1394, 1271, 6, 6), (1394, 1273, 6, 6), (1394, 1274, 6, 6), (1394, 1275, 6, 6),
(1277, 1268, 6, 6),
(1278, 1028, 6, 6), (1278, 1273, 6, 6), (1278, 1274, 6, 6), (1278, 1275, 6, 6),
(1279, 1274, 6, 6),
(1280, 1262, 6, 6), (1280, 1269, 6, 6),
(1281, 1275, 6, 6),
(1397, 1028, 6, 6), (1397, 1273, 6, 6), (1397, 1274, 6, 6), (1397, 1275, 6, 6),
(1282, 1256, 6, 6), (1282, 1273, 6, 6), (1282, 1277, 6, 6), (1282, 1281, 6, 6),
(1283, 1280, 6, 6),
(1395, 1023, 6, 6), (1395, 1024, 6, 6), (1395, 1025, 6, 6), (1395, 1026, 6, 6), (1395, 1027, 6, 6), (1395, 1028, 6, 6), (1395, 1029, 6, 6), (1395, 1030, 6, 6), (1395, 1031, 6, 6), (1395, 1032, 6, 6), (1395, 1033, 6, 6), (1395, 1035, 6, 6), (1395, 1255, 6, 6), (1395, 1256, 6, 6), (1395, 1257, 6, 6), (1395, 1259, 6, 6), (1395, 1260, 6, 6), (1395, 1261, 6, 6), (1395, 1262, 6, 6), (1395, 1263, 6, 6), (1395, 1264, 6, 6), (1395, 1265, 6, 6), (1395, 1266, 6, 6), (1395, 1267, 6, 6), (1395, 1268, 6, 6), (1395, 1269, 6, 6), (1395, 1270, 6, 6), (1395, 1271, 6, 6), (1395, 1273, 6, 6), (1395, 1274, 6, 6), (1395, 1275, 6, 6),
(1396, 1023, 6, 6), (1396, 1024, 6, 6), (1396, 1025, 6, 6), (1396, 1026, 6, 6), (1396, 1027, 6, 6), (1396, 1028, 6, 6), (1396, 1029, 6, 6), (1396, 1030, 6, 6), (1396, 1031, 6, 6), (1396, 1032, 6, 6), (1396, 1033, 6, 6), (1396, 1035, 6, 6), (1396, 1255, 6, 6), (1396, 1256, 6, 6), (1396, 1257, 6, 6), (1396, 1259, 6, 6), (1396, 1260, 6, 6), (1396, 1261, 6, 6), (1396, 1262, 6, 6), (1396, 1263, 6, 6), (1396, 1264, 6, 6), (1396, 1265, 6, 6), (1396, 1266, 6, 6), (1396, 1267, 6, 6), (1396, 1268, 6, 6), (1396, 1269, 6, 6), (1396, 1270, 6, 6), (1396, 1271, 6, 6), (1396, 1273, 6, 6), (1396, 1274, 6, 6), (1396, 1275, 6, 6),
(1286, 1026, 6, 6), (1286, 1273, 6, 6),
(1398, 1282, 6, 6), (1398, 1283, 6, 6), (1398, 1286, 6, 6), (1398, 1395, 6, 6), (1398, 1396, 6, 6), (1398, 1397, 6, 6),
(1243, 1261, 6, 6),
(1245, 1269, 6, 6),
(1246, 1263, 6, 6),
(1247, 1263, 6, 6), (1247, 1264, 6, 6), (1247, 1266, 6, 6), (1247, 1271, 6, 6),
(1248, 1262, 6, 6), (1248, 1263, 6, 6), (1248, 1267, 6, 6),
(1249, 1262, 6, 6), (1249, 1269, 6, 6),
(1250, 1268, 6, 6), (1250, 1270, 6, 6),
(1251, 1275, 6, 6);

-- Carrera: Ingeniería Mecánica

-- Plan 2015:

INSERT INTO Correlative
(SubjectCode, CorrelativeCode,
SubjectCareerPlanId, CorrelativeCareerPlanId) VALUES
(1031, 1023, 7, 7),
(1032, 1027, 7, 7),
(1033, 1023, 7, 7),
(1035, 1031, 7, 7),
(3016, 1023, 7, 7),
(3017, 1029, 7, 7),
(3018, 1031, 7, 7),
(3019, 1033, 7, 7),
(3020, 1035, 7, 7), (3020, 3017, 7, 7),
(3021, 1035, 7, 7),
(3022, 1032, 7, 7), (3022, 3019, 7, 7),
(3023, 1023, 7, 7),
(3024, 1031, 7, 7), (3024, 3022, 7, 7),
(3025, 3020, 7, 7),
(3026, 3018, 7, 7),
(3027, 3023, 7, 7),
(3028, 3020, 7, 7), (3028, 3022, 7, 7), (3028, 3024, 7, 7),
(3029, 3022, 7, 7), (3029, 3026, 7, 7),
(3030, 3017, 7, 7), (3030, 3021, 7, 7),
(3031, 3021, 7, 7),
(3032, 3024, 7, 7), (3032, 3026, 7, 7),
(3033, 3031, 7, 7),
(3034, 3026, 7, 7), (3034, 3030, 7, 7),
(3035, 3030, 7, 7),
(3036, 3034, 7, 7), (3036, 3035, 7, 7),
(3037, 3023, 7, 7),
(3038, 3033, 7, 7), (3038, 3034, 7, 7),
(3039, 3031, 7, 7),
(3040, 3016, 7, 7), (3040, 3032, 7, 7), (3040, 3034, 7, 7),
(3041, 3025, 7, 7), (3041, 3039, 7, 7),
(3042, 3025, 7, 7), (3042, 3028, 7, 7),
(3043, 1026, 7, 7),
(3044, 3025, 7, 7), (3044, 3039, 7, 7),
(3045, 3036, 7, 7), (3045, 3040, 7, 7), (3045, 3044, 7, 7);

-- Carrera: Arquitectura

-- Plan 2015:

INSERT INTO Correlative
(SubjectCode, CorrelativeCode,
SubjectCareerPlanId, CorrelativeCareerPlanId) VALUES
(2957, 2952, 8, 8),
(2958, 2953, 8, 8),
(2959, 2954, 8, 8),
(2960, 2955, 8, 8),
(2961, 2956, 8, 8),
(2962, 2953, 8, 8), (2962, 2959, 8, 8), (2962, 2957, 8, 8),
(2963, 2958, 8, 8), (2963, 2961, 8, 8),
(2964, 2959, 8, 8),
(2965, 2961, 8, 8), (2965, 2952, 8, 8), (2965, 2953, 8, 8), (2965, 2954, 8, 8), (2965, 2955, 8, 8),
(2966, 2962, 8, 8), (2966, 2955, 8, 8), (2966, 2956, 8, 8),
(2967, 2963, 8, 8), (2967, 2961, 8, 8), (2967, 2952, 8, 8), (2967, 2954, 8, 8), (2967, 2955, 8, 8),
(2968, 2960, 8, 8), (2968, 2952, 8, 8), (2968, 2953, 8, 8), (2968, 2954, 8, 8), (2968, 2956, 8, 8),
(2969, 2965, 8, 8), (2969, 2957, 8, 8), (2969, 2958, 8, 8), (2969, 2959, 8, 8), (2969, 2960, 8, 8),
(2970, 2966, 8, 8), (2970, 2964, 8, 8), (2970, 2958, 8, 8), (2970, 2960, 8, 8), (2970, 2961, 8, 8),
(2971, 2967, 8, 8), (2971, 2957, 8, 8), (2971, 2960, 8, 8), (2971, 2961, 8, 8),
(2972, 2968, 8, 8), (2972, 2957, 8, 8), (2972, 2958, 8, 8), (2972, 2959, 8, 8), (2972, 2961, 8, 8),
(2973, 2970, 8, 8), (2973, 2963, 8, 8),
(2974, 2971, 8, 8), (2974, 2962, 8, 8), (2974, 2964, 8, 8),
(2975, 2964, 8, 8), (2975, 2962, 8, 8), (2975, 2963, 8, 8),
(2977, 2971, 8, 8), (2977, 2972, 8, 8), (2977, 2973, 8, 8),
(2978, 2970, 8, 8), (2978, 2972, 8, 8), (2978, 2974, 8, 8),
(2979, 2970, 8, 8), (2979, 2971, 8, 8), (2979, 2972, 8, 8), (2979, 2975, 8, 8),
(2980, 2970, 8, 8), (2980, 2971, 8, 8), (2980, 2972, 8, 8),
(2981, 2974, 8, 8), (2981, 2975, 8, 8), (2981, 2977, 8, 8),
(2982, 2973, 8, 8), (2982, 2975, 8, 8), (2982, 2978, 8, 8),
(2983, 2973, 8, 8), (2983, 2974, 8, 8), (2983, 2979, 8, 8),
(2984, 2973, 8, 8), (2984, 2974, 8, 8), (2984, 2975, 8, 8), (2984, 2980, 8, 8),
(2985, 2978, 8, 8), (2985, 2979, 8, 8), (2985, 2980, 8, 8), (2985, 2981, 8, 8),
(2986, 2977, 8, 8), (2986, 2978, 8, 8), (2986, 2979, 8, 8), (2986, 2980, 8, 8),
(2987, 2977, 8, 8), (2987, 2978, 8, 8), (2987, 2979, 8, 8), (2987, 2980, 8, 8),
(2988, 2977, 8, 8), (2988, 2978, 8, 8), (2988, 2979, 8, 8), (2988, 2980, 8, 8),
(2989, 2981, 8, 8), (2989, 2982, 8, 8), (2989, 2983, 8, 8), (2989, 2984, 8, 8), (2989, 2985, 8, 8),
(2990, 2981, 8, 8), (2990, 2982, 8, 8), (2990, 2983, 8, 8), (2990, 2984, 8, 8), (2990, 2986, 8, 8),
(2991, 2981, 8, 8), (2991, 2982, 8, 8), (2991, 2983, 8, 8), (2991, 2984, 8, 8), (2991, 2987, 8, 8),
(2992, 2977, 8, 8), (2992, 2978, 8, 8), (2992, 2979, 8, 8), (2992, 2980, 8, 8),
(2993, 2977, 8, 8), (2993, 2978, 8, 8), (2993, 2979, 8, 8), (2993, 2980, 8, 8),
(2994, 2977, 8, 8), (2994, 2978, 8, 8), (2994, 2979, 8, 8), (2994, 2980, 8, 8),
(2995, 2989, 8, 8), (2995, 2990, 8, 8), (2995, 2992, 8, 8), (2995, 2993, 8, 8);


